Sign Type,Dimensions,Material,Lighting,Estimated Price
Channel Letters,12 ft x 2 ft,Aluminum + Acrylic,LED,"$3,000–$3,500"
Box Sign,8 ft x 3 ft,Aluminum + Polycarbonate,LED,"$2,200–$2,800"
Monument Sign,6 ft x 4 ft,Aluminum + Vinyl,Internal LED,"$4,000–$5,000"
Building Sign,10 ft x 2.5 ft,Aluminum Composite,External Spotlights,"$2,500–$3,000"
Pole Sign,14 ft x 6 ft,Steel Frame + Acrylic,Double-Sided LED,"$6,500–$7,200"
Real Estate Sign,24 in x 36 in,Coroplast,None,$50–$80
Pylon Sign,18 ft x 6 ft,Aluminum Frame + Flex Face,Internal LED,"$8,000–$9,000"
Interior Wall Sign,6 ft x 1.5 ft,PVC + Acrylic,Backlit LED,"$1,200–$1,500"
Storefront Sign,10 ft x 2 ft,Aluminum + Acrylic,LED,"$2,000–$2,500"
Cabinet Sign,7 ft x 3 ft,Aluminum + Lexan,Internal LED,"$2,800–$3,200"
